[
    {"name": "DTTEST", "section":"DTTats", "texture":"devioustraining\\test.dds", "area":"Body"},
	
	
	{"name": "10001", "section":"DTTats", "texture":"devioustraining\\group1_0001.dds", "area":"Body"},
	{"name": "10011", "section":"DTTats", "texture":"devioustraining\\group1_0011.dds", "area":"Body"},
	{"name": "10101", "section":"DTTats", "texture":"devioustraining\\group1_0101.dds", "area":"Body"},
	{"name": "10111", "section":"DTTats", "texture":"devioustraining\\group1_0111.dds", "area":"Body"},
	{"name": "11001", "section":"DTTats", "texture":"devioustraining\\group1_1001.dds", "area":"Body"},
	{"name": "11011", "section":"DTTats", "texture":"devioustraining\\group1_1011.dds", "area":"Body"},	
	{"name": "11111", "section":"DTTats", "texture":"devioustraining\\group1_1111.dds", "area":"Body"},	
	{"name": "10010", "section":"DTTats", "texture":"devioustraining\\group1_0010.dds", "area":"Body"},
	{"name": "10100", "section":"DTTats", "texture":"devioustraining\\group1_0100.dds", "area":"Body"},
	{"name": "10110", "section":"DTTats", "texture":"devioustraining\\group1_0110.dds", "area":"Body"},
	{"name": "11000", "section":"DTTats", "texture":"devioustraining\\group1_1000.dds", "area":"Body"},
	{"name": "11010", "section":"DTTats", "texture":"devioustraining\\group1_1010.dds", "area":"Body"},
	{"name": "11100", "section":"DTTats", "texture":"devioustraining\\group1_1100.dds", "area":"Body"},
	{"name": "11110", "section":"DTTats", "texture":"devioustraining\\group1_1110.dds", "area":"Body"},
	{"name": "11101", "section":"DTTats", "texture":"devioustraining\\group1_1101.dds", "area":"Body"},	
	
	
	{"name": "scars_whips1", "section":"DTTatsScars", "texture":"devioustraining\\scars_whips1.dds", "area":"Body"},
	{"name": "scars_whips2", "section":"DTTatsScars", "texture":"devioustraining\\scars_whips2.dds", "area":"Body"},
	{"name": "scars_whips3", "section":"DTTatsScars", "texture":"devioustraining\\scars_whips3.dds", "area":"Body"},
	{"name": "scars_whips4", "section":"DTTatsScars", "texture":"devioustraining\\scars_whips4.dds", "area":"Body"},
	{"name": "scars_whips5", "section":"DTTatsScars", "texture":"devioustraining\\scars_whips5.dds", "area":"Body"},
	{"name": "scars_whips6", "section":"DTTatsScars", "texture":"devioustraining\\scars_whips6.dds", "area":"Body"},
	{"name": "scars_whips7", "section":"DTTatsScars", "texture":"devioustraining\\scars_whips7.dds", "area":"Body"},
	{"name": "scars_whips8", "section":"DTTatsScars", "texture":"devioustraining\\scars_whips8.dds", "area":"Body"},
	{"name": "scars_whips9", "section":"DTTatsScars", "texture":"devioustraining\\scars_whips9.dds", "area":"Body"},
	{"name": "scars_whips10", "section":"DTTatsScars", "texture":"devioustraining\\scars_whips10.dds", "area":"Body"},
	{"name": "scars_whips11", "section":"DTTatsScars", "texture":"devioustraining\\scars_whips11.dds", "area":"Body"},
	{"name": "scars_whips12", "section":"DTTatsScars", "texture":"devioustraining\\scars_whips12.dds", "area":"Body"},
	{"name": "scars_whips13", "section":"DTTatsScars", "texture":"devioustraining\\scars_whips13.dds", "area":"Body"},
	{"name": "scars_whips14", "section":"DTTatsScars", "texture":"devioustraining\\scars_whips14.dds", "area":"Body"},
	{"name": "scars_whips15", "section":"DTTatsScars", "texture":"devioustraining\\scars_whips15.dds", "area":"Body"},
	{"name": "scars_whips16", "section":"DTTatsScars", "texture":"devioustraining\\scars_whips16.dds", "area":"Body"},
	{"name": "scars_whips17", "section":"DTTatsScars", "texture":"devioustraining\\scars_whips17.dds", "area":"Body"},
	{"name": "scars_whips18", "section":"DTTatsScars", "texture":"devioustraining\\scars_whips18.dds", "area":"Body"},
	{"name": "scars_whips19", "section":"DTTatsScars", "texture":"devioustraining\\scars_whips19.dds", "area":"Body"},
	{"name": "scars_whips20", "section":"DTTatsScars", "texture":"devioustraining\\scars_whips20.dds", "area":"Body"},
	{"name": "scars_whips21", "section":"DTTatsScars", "texture":"devioustraining\\scars_whips21.dds", "area":"Body"},
	{"name": "scars_whips22", "section":"DTTatsScars", "texture":"devioustraining\\scars_whips22.dds", "area":"Body"},
	{"name": "scars_whips23", "section":"DTTatsScars", "texture":"devioustraining\\scars_whips23.dds", "area":"Body"},
	{"name": "scars_whips24", "section":"DTTatsScars", "texture":"devioustraining\\scars_whips24.dds", "area":"Body"},
	{"name": "scars_whips25", "section":"DTTatsScars", "texture":"devioustraining\\scars_whips25.dds", "area":"Body"},
	{"name": "scars_whips26", "section":"DTTatsScars", "texture":"devioustraining\\scars_whips26.dds", "area":"Body"},
	{"name": "scars_whips27", "section":"DTTatsScars", "texture":"devioustraining\\scars_whips27.dds", "area":"Body"},
	{"name": "scars_whips28", "section":"DTTatsScars", "texture":"devioustraining\\scars_whips28.dds", "area":"Body"},
	{"name": "scars_whips29", "section":"DTTatsScars", "texture":"devioustraining\\scars_whips29.dds", "area":"Body"},
	{"name": "scars_whips30", "section":"DTTatsScars", "texture":"devioustraining\\scars_whips30.dds", "area":"Body"},
	{"name": "scars_whips31", "section":"DTTatsScars", "texture":"devioustraining\\scars_whips31.dds", "area":"Body"},
	{"name": "scars_whips32", "section":"DTTatsScars", "texture":"devioustraining\\scars_whips32.dds", "area":"Body"},
	{"name": "scars_whips33", "section":"DTTatsScars", "texture":"devioustraining\\scars_whips33.dds", "area":"Body"},
	{"name": "scars_whips34", "section":"DTTatsScars", "texture":"devioustraining\\scars_whips34.dds", "area":"Body"},
	{"name": "scars_whips35", "section":"DTTatsScars", "texture":"devioustraining\\scars_whips35.dds", "area":"Body"},
	{"name": "scars_whips36", "section":"DTTatsScars", "texture":"devioustraining\\scars_whips36.dds", "area":"Body"},
	{"name": "scars_whips37", "section":"DTTatsScars", "texture":"devioustraining\\scars_whips37.dds", "area":"Body"},
	{"name": "scars_whips38", "section":"DTTatsScars", "texture":"devioustraining\\scars_whips38.dds", "area":"Body"},
	{"name": "scars_whips39", "section":"DTTatsScars", "texture":"devioustraining\\scars_whips39.dds", "area":"Body"},
	{"name": "scars_whips40", "section":"DTTatsScars", "texture":"devioustraining\\scars_whips40.dds", "area":"Body"},	
	{"name": "scars_whips41", "section":"DTTatsScars", "texture":"devioustraining\\scars_whips41.dds", "area":"Body"},	
	{"name": "scars_whips42", "section":"DTTatsScars", "texture":"devioustraining\\scars_whips42.dds", "area":"Body"},	
	{"name": "scars_whips43", "section":"DTTatsScars", "texture":"devioustraining\\scars_whips43.dds", "area":"Body"},	
	{"name": "scars_whips44", "section":"DTTatsScars", "texture":"devioustraining\\scars_whips44.dds", "area":"Body"},	
	{"name": "scars_whips45", "section":"DTTatsScars", "texture":"devioustraining\\scars_whips45.dds", "area":"Body"},	
	{"name": "scars_whips46", "section":"DTTatsScars", "texture":"devioustraining\\scars_whips46.dds", "area":"Body"},	
	{"name": "scars_whips47", "section":"DTTatsScars", "texture":"devioustraining\\scars_whips47.dds", "area":"Body"},	
	{"name": "scars_whips48", "section":"DTTatsScars", "texture":"devioustraining\\scars_whips48.dds", "area":"Body"},	
	{"name": "scars_whips49", "section":"DTTatsScars", "texture":"devioustraining\\scars_whips49.dds", "area":"Body"},	
	{"name": "scars_whips50", "section":"DTTatsScars", "texture":"devioustraining\\scars_whips50.dds", "area":"Body"},	
	{"name": "scars_whips51", "section":"DTTatsScars", "texture":"devioustraining\\scars_whips51.dds", "area":"Body"},	
	{"name": "scars_whips52", "section":"DTTatsScars", "texture":"devioustraining\\scars_whips52.dds", "area":"Body"},	
	{"name": "scars_whips53", "section":"DTTatsScars", "texture":"devioustraining\\scars_whips53.dds", "area":"Body"},	
	{"name": "scars_whips54", "section":"DTTatsScars", "texture":"devioustraining\\scars_whips54.dds", "area":"Body"},	
	{"name": "scars_whips55", "section":"DTTatsScars", "texture":"devioustraining\\scars_whips55.dds", "area":"Body"},	
	{"name": "scars_whips56", "section":"DTTatsScars", "texture":"devioustraining\\scars_whips56.dds", "area":"Body"},	
	{"name": "scars_whips57", "section":"DTTatsScars", "texture":"devioustraining\\scars_whips57.dds", "area":"Body"},	
	{"name": "scars_whips58", "section":"DTTatsScars", "texture":"devioustraining\\scars_whips58.dds", "area":"Body"},	
	{"name": "scars_whips59", "section":"DTTatsScars", "texture":"devioustraining\\scars_whips59.dds", "area":"Body"},	
	{"name": "scars_whips60", "section":"DTTatsScars", "texture":"devioustraining\\scars_whips60.dds", "area":"Body"},	
	{"name": "scars_whips61", "section":"DTTatsScars", "texture":"devioustraining\\scars_whips61.dds", "area":"Body"},	
	{"name": "scars_whips62", "section":"DTTatsScars", "texture":"devioustraining\\scars_whips62.dds", "area":"Body"},	
	{"name": "scars_whips63", "section":"DTTatsScars", "texture":"devioustraining\\scars_whips63.dds", "area":"Body"},	
	{"name": "scars_whips64", "section":"DTTatsScars", "texture":"devioustraining\\scars_whips64.dds", "area":"Body"},
	{"name": "scars_whips65", "section":"DTTatsScars", "texture":"devioustraining\\scars_whips65.dds", "area":"Body"},	
	{"name": "scars_whips66", "section":"DTTatsScars", "texture":"devioustraining\\scars_whips66.dds", "area":"Body"},	
	{"name": "scars_whips67", "section":"DTTatsScars", "texture":"devioustraining\\scars_whips67.dds", "area":"Body"},	
	{"name": "scars_whips68", "section":"DTTatsScars", "texture":"devioustraining\\scars_whips68.dds", "area":"Body"},	
	{"name": "scars_whips69", "section":"DTTatsScars", "texture":"devioustraining\\scars_whips69.dds", "area":"Body"},	
	{"name": "scars_whips70", "section":"DTTatsScars", "texture":"devioustraining\\scars_whips70.dds", "area":"Body"},	
	{"name": "scars_whips71", "section":"DTTatsScars", "texture":"devioustraining\\scars_whips71.dds", "area":"Body"},	
	{"name": "scars_whips72", "section":"DTTatsScars", "texture":"devioustraining\\scars_whips72.dds", "area":"Body"},		
	{"name": "scars_whips73", "section":"DTTatsScars", "texture":"devioustraining\\scars_whips73.dds", "area":"Body"},		
	{"name": "scars_whips74", "section":"DTTatsScars", "texture":"devioustraining\\scars_whips74.dds", "area":"Body"},		
	{"name": "scars_whips75", "section":"DTTatsScars", "texture":"devioustraining\\scars_whips75.dds", "area":"Body"},			
	
	{"name": "c1", "section":"DTFat", "texture":"devioustraining\\c1.dds", "area":"Body"},
	{"name": "c2", "section":"DTFat", "texture":"devioustraining\\c2.dds", "area":"Body"},
	{"name": "c3", "section":"DTFat", "texture":"devioustraining\\c3.dds", "area":"Body"},
	{"name": "c4", "section":"DTFat", "texture":"devioustraining\\c4.dds", "area":"Body"},
	{"name": "c5", "section":"DTFat", "texture":"devioustraining\\c5.dds", "area":"Body"},
	
		
	
	
	
	
	{"name": "day1", "section":"DTTatsDays", "texture":"devioustraining\\day1.dds", "area":"Body"},
	{"name": "day2", "section":"DTTatsDays", "texture":"devioustraining\\day2.dds", "area":"Body"},
	{"name": "day3", "section":"DTTatsDays", "texture":"devioustraining\\day3.dds", "area":"Body"},
	{"name": "day4", "section":"DTTatsDays", "texture":"devioustraining\\day4.dds", "area":"Body"},
	{"name": "day5", "section":"DTTatsDays", "texture":"devioustraining\\day5.dds", "area":"Body"},
	{"name": "day6", "section":"DTTatsDays", "texture":"devioustraining\\day6.dds", "area":"Body"},
	{"name": "day7", "section":"DTTatsDays", "texture":"devioustraining\\day7.dds", "area":"Body"},
	{"name": "day8", "section":"DTTatsDays", "texture":"devioustraining\\day8.dds", "area":"Body"},
	{"name": "day9", "section":"DTTatsDays", "texture":"devioustraining\\day9.dds", "area":"Body"},
	{"name": "day10", "section":"DTTatsDays", "texture":"devioustraining\\day10.dds", "area":"Body"},
	{"name": "day11", "section":"DTTatsDays", "texture":"devioustraining\\day11.dds", "area":"Body"},
	{"name": "day12", "section":"DTTatsDays", "texture":"devioustraining\\day12.dds", "area":"Body"},
	{"name": "day13", "section":"DTTatsDays", "texture":"devioustraining\\day13.dds", "area":"Body"},
	{"name": "day14", "section":"DTTatsDays", "texture":"devioustraining\\day14.dds", "area":"Body"},
	{"name": "day15", "section":"DTTatsDays", "texture":"devioustraining\\day15.dds", "area":"Body"},
	{"name": "day16", "section":"DTTatsDays", "texture":"devioustraining\\day16.dds", "area":"Body"},
	{"name": "day17", "section":"DTTatsDays", "texture":"devioustraining\\day17.dds", "area":"Body"},
	{"name": "day18", "section":"DTTatsDays", "texture":"devioustraining\\day18.dds", "area":"Body"},
	{"name": "day19", "section":"DTTatsDays", "texture":"devioustraining\\day19.dds", "area":"Body"},
	{"name": "day20", "section":"DTTatsDays", "texture":"devioustraining\\day20.dds", "area":"Body"},
	{"name": "day21", "section":"DTTatsDays", "texture":"devioustraining\\day21.dds", "area":"Body"},
	{"name": "day22", "section":"DTTatsDays", "texture":"devioustraining\\day22.dds", "area":"Body"},
	{"name": "day23", "section":"DTTatsDays", "texture":"devioustraining\\day23.dds", "area":"Body"},
	{"name": "day24", "section":"DTTatsDays", "texture":"devioustraining\\day24.dds", "area":"Body"},
	{"name": "day25", "section":"DTTatsDays", "texture":"devioustraining\\day25.dds", "area":"Body"},
	{"name": "day26", "section":"DTTatsDays", "texture":"devioustraining\\day26.dds", "area":"Body"},
	{"name": "day27", "section":"DTTatsDays", "texture":"devioustraining\\day27.dds", "area":"Body"},
	{"name": "day28", "section":"DTTatsDays", "texture":"devioustraining\\day28.dds", "area":"Body"},
	{"name": "day29", "section":"DTTatsDays", "texture":"devioustraining\\day29.dds", "area":"Body"},
	{"name": "day30", "section":"DTTatsDays", "texture":"devioustraining\\day30.dds", "area":"Body"},
	{"name": "day31", "section":"DTTatsDays", "texture":"devioustraining\\day31.dds", "area":"Body"},
	{"name": "day32", "section":"DTTatsDays", "texture":"devioustraining\\day32.dds", "area":"Body"},
	{"name": "day33", "section":"DTTatsDays", "texture":"devioustraining\\day33.dds", "area":"Body"},
	{"name": "day34", "section":"DTTatsDays", "texture":"devioustraining\\day34.dds", "area":"Body"},
	{"name": "day35", "section":"DTTatsDays", "texture":"devioustraining\\day35.dds", "area":"Body"},
	{"name": "day36", "section":"DTTatsDays", "texture":"devioustraining\\day36.dds", "area":"Body"},
	{"name": "day37", "section":"DTTatsDays", "texture":"devioustraining\\day37.dds", "area":"Body"},
	{"name": "day38", "section":"DTTatsDays", "texture":"devioustraining\\day38.dds", "area":"Body"},
	{"name": "day39", "section":"DTTatsDays", "texture":"devioustraining\\day39.dds", "area":"Body"},
	{"name": "day40", "section":"DTTatsDays", "texture":"devioustraining\\day40.dds", "area":"Body"},
	{"name": "day41", "section":"DTTatsDays", "texture":"devioustraining\\day41.dds", "area":"Body"},
	{"name": "day42", "section":"DTTatsDays", "texture":"devioustraining\\day42.dds", "area":"Body"},
	{"name": "day43", "section":"DTTatsDays", "texture":"devioustraining\\day43.dds", "area":"Body"},
	{"name": "day44", "section":"DTTatsDays", "texture":"devioustraining\\day44.dds", "area":"Body"},
	{"name": "day45", "section":"DTTatsDays", "texture":"devioustraining\\day45.dds", "area":"Body"},
	{"name": "day46", "section":"DTTatsDays", "texture":"devioustraining\\day46.dds", "area":"Body"},
	{"name": "day47", "section":"DTTatsDays", "texture":"devioustraining\\day47.dds", "area":"Body"},
	{"name": "day48", "section":"DTTatsDays", "texture":"devioustraining\\day48.dds", "area":"Body"},
	{"name": "day49", "section":"DTTatsDays", "texture":"devioustraining\\day49.dds", "area":"Body"},
	{"name": "day50", "section":"DTTatsDays", "texture":"devioustraining\\day50.dds", "area":"Body"},
	{"name": "day51", "section":"DTTatsDays", "texture":"devioustraining\\day51.dds", "area":"Body"},
	{"name": "day52", "section":"DTTatsDays", "texture":"devioustraining\\day52.dds", "area":"Body"},
	{"name": "day53", "section":"DTTatsDays", "texture":"devioustraining\\day53.dds", "area":"Body"},
	{"name": "day54", "section":"DTTatsDays", "texture":"devioustraining\\day54.dds", "area":"Body"},
	{"name": "day55", "section":"DTTatsDays", "texture":"devioustraining\\day55.dds", "area":"Body"},
	{"name": "day56", "section":"DTTatsDays", "texture":"devioustraining\\day56.dds", "area":"Body"},
	{"name": "day57", "section":"DTTatsDays", "texture":"devioustraining\\day57.dds", "area":"Body"},
	{"name": "day58", "section":"DTTatsDays", "texture":"devioustraining\\day58.dds", "area":"Body"},
	{"name": "day59", "section":"DTTatsDays", "texture":"devioustraining\\day59.dds", "area":"Body"},
	{"name": "day60", "section":"DTTatsDays", "texture":"devioustraining\\day60.dds", "area":"Body"},
	{"name": "day61", "section":"DTTatsDays", "texture":"devioustraining\\day61.dds", "area":"Body"},
	{"name": "day62", "section":"DTTatsDays", "texture":"devioustraining\\day62.dds", "area":"Body"},
	{"name": "day63", "section":"DTTatsDays", "texture":"devioustraining\\day63.dds", "area":"Body"}
	
   
]
